,A,B,C,D,E,F
0,a1,b1,964,-0.5886365073789729,9.755197412118422,6
1,a1,b2,5342,-1.3554215237379568,31.33735262565424,7
2,a1,b1,7265,-0.34493850147575034,0.6031104019240914,3
3,a2,b2,5787,-0.7289545855068101,10.148975382224283,1
4,a1,b2,2889,1.1961141840087264,21.856450269313907,2
5,a2,b1,8005,1.2350183335896734,21.405215670660375,9
6,a3,b1,7867,-1.5102754907195328,18.235893837716432,3
7,a1,b1,9957,-0.6634601459059948,2.3714614428893004,9
8,a3,b1,876,1.3089591656724784,13.393904049845492,8
9,a1,b2,3433,0.8348879673002203,7.005370522865896,4
10,a2,b2,6208,-1.2268958454349548,28.423642429165746,10
11,a2,b1,1282,0.6342437702465397,30.156361756423777,3
12,a1,b2,7901,-1.038320319830935,3.1018472071274292,4
13,a2,b2,413,-1.3285758654234745,12.758764080400688,5
14,a3,b1,5785,0.7805759181859612,20.79371536847263,7
15,a2,b1,8454,-0.23537763585000776,18.459973682943613,5
16,a3,b1,4361,-1.7059593208842732,13.374713683365183,6
17,a2,b1,3582,-0.5629620488706567,8.650530013348384,3
18,a3,b2,2653,0.3862485421396709,12.24110445339014,10
19,a2,b2,598,-0.5314587832314644,21.243031728471344,1
20,a1,b2,9996,-1.9680248436889491,28.21447162287361,1
21,a3,b1,3041,-0.5482719489202224,30.65187263688647,4
22,a1,b1,996,1.208703298819319,9.007979161910008,2
23,a1,b2,3712,0.6086158137042633,6.361348355571462,9
24,a3,b2,649,1.7470898402609745,2.74563382986136,3
25,a1,b2,758,0.09770408196573602,20.31414340656565,1
26,a3,b2,7216,-1.5288497462627693,-5.106775482928175,4
27,a1,b1,5914,1.0134919814736048,24.760278736904382,7
28,a1,b2,3931,-0.6480939471784507,31.96923580545525,2
29,a2,b1,2338,-1.1125628497056306,20.18944311867088,6
30,a2,b2,7353,-1.13094841143716,27.94971263201066,11
31,a3,b1,7003,0.9223806201060062,11.275125652431061,11
32,a1,b1,2561,-0.4073179525946538,31.989813113835616,6
33,a2,b1,1880,1.0006193897417601,10.88965374755667,1
34,a2,b1,8475,-0.823198271311516,25.779416870745813,7
35,a3,b1,9806,-0.48144449059355165,17.458651768386574,3
36,a1,b2,4818,1.7269657090439667,14.06312419096441,6
37,a2,b2,384,-0.606218292848369,31.059442486304423,2
38,a2,b1,2215,1.0602913243101304,15.53400651738816,6
39,a2,b2,9285,0.11765934354557903,19.95106762056529,10
40,a1,b1,1226,0.536591576581544,-0.5487115972899499,7
41,a3,b2,5162,0.6983356867751356,7.204267906181812,10
42,a3,b2,2818,0.05778455962798696,-1.9808916155985479,10
43,a2,b1,553,-0.09367957211535415,15.954862903990453,10
44,a2,b1,1178,-0.638203800133658,28.45126197011458,1
45,a1,b1,9131,-1.416546795568647,27.66898641236396,10
46,a3,b1,9233,0.33659046590966213,9.462703001805266,2
47,a3,b1,5177,0.2281397587950774,33.89815722216521,2
48,a2,b2,6515,-0.08814459725573928,9.81023303539884,4
49,a3,b2,8592,-1.371377020549296,11.563143347108594,11
50,a2,b2,6790,0.16805498306704117,18.75407470563089,2
51,a3,b1,9904,0.9429857226808154,10.261299490253066,6
52,a3,b2,8183,-0.11041625325566934,31.035777181928204,7
53,a3,b1,9141,-0.8059602423627348,10.425088271574122,7
54,a3,b1,9819,-0.24711784388491403,29.089814118382236,6
55,a2,b1,2639,-1.4044113563378555,20.23667885484661,11
56,a3,b2,6768,1.3704688632865356,9.30735360080773,10
57,a1,b1,1340,-0.9499481995067386,16.995423806921075,2
58,a2,b1,6169,-0.3181967811359551,0.4909067384638046,8
59,a3,b2,6205,2.177768620764583,-3.2161089195381187,6
60,a3,b1,5046,-0.18088357247875703,19.90174876313,10
61,a1,b1,4187,0.08914384767482898,35.851880803652875,4
62,a3,b2,7848,1.175317876859021,19.153861219222073,3
63,a3,b1,8159,1.45366342579413,13.30039268298933,1
64,a1,b2,8299,1.5858428541862992,7.757936938373404,5
65,a2,b1,4035,-0.9393480655068577,-0.7498575662427047,6
66,a1,b1,4732,0.13506571637092407,14.765890460186629,3
67,a2,b2,5193,0.7649126640687888,20.368280599150836,6
68,a2,b1,2725,-0.7174881452323671,15.639293644204947,11
69,a1,b1,5273,-0.8955146535763571,16.92320491524552,1
70,a1,b1,4498,1.8266217507740345,9.045066674012293,6
71,a3,b1,8119,1.4740862525547629,18.771884791833386,6
72,a1,b1,9520,-0.9753706256405654,18.608215774379723,11
73,a3,b1,3528,-0.9603896058793974,6.484216635273242,10
74,a1,b2,9811,-0.9342519514031418,6.88019797909516,10
75,a1,b2,6150,0.035813672238273496,24.23262324501875,5
76,a1,b2,8925,-1.1177980480086303,23.392444817498273,1
77,a3,b1,7348,1.133311514742825,16.734716190441645,6
78,a1,b1,7021,-0.37079407245476703,6.391730916742391,9
79,a3,b1,1598,0.04592068497870457,24.130229127564824,8
80,a2,b2,8320,-0.42379599885940766,39.03539000530874,4
81,a2,b2,1665,-0.32217571134231615,15.040040082409648,7
82,a2,b2,1156,0.4779858002377214,7.064040635260901,7
83,a1,b1,7423,-1.4035935661523171,2.932719260335281,10
84,a3,b1,6202,-1.051303250434533,5.770057414918444,7
85,a2,b2,9465,0.011713255130021609,18.678654738357366,3
86,a1,b1,705,1.6446803295899988,-0.7894249632273933,8
87,a3,b2,6529,-0.536645230051802,24.51449762325877,4
88,a1,b2,4100,-0.01850108080963629,9.494852294681015,5
89,a3,b1,2303,2.005852051910731,19.131932833848786,2
90,a3,b1,4573,-0.5837213904347854,20.530034692157642,7
91,a2,b1,6279,-0.3192060456896299,12.14289473304223,11
92,a1,b1,8787,-0.1633968347624688,20.02861240898124,2
93,a3,b1,9894,0.0018868446039597322,25.079485666725,3
94,a2,b2,2517,-0.5821905552496144,15.844305480210924,2
95,a2,b2,2250,-0.40711944286696566,15.10413267367798,7
96,a2,b1,7806,-1.0320222908752625,16.794757755362664,1
97,a3,b1,9550,-1.9479813842046656,29.833744940858832,6
98,a2,b1,9244,1.1381302603379155,30.49690708094581,11
99,a2,b1,6655,-0.5194283610424001,14.333669929127726,10
100,a1,b1,7039,0.2083316352667036,12.78608034680219,9
101,a3,b1,5315,1.586440946255089,1.505095188996684,4
102,a3,b2,6009,0.8201424300739154,14.966138547332124,5
103,a1,b1,3333,1.3425564835774064,11.918338615824215,10
104,a3,b2,4005,0.8803624894914419,15.643541313734174,6
105,a2,b1,2735,-0.736370418000851,7.873668104965081,11
106,a2,b2,1471,0.1299133100129134,20.13860221640495,4
107,a1,b2,2945,0.931976950349691,20.207019844204936,5
108,a3,b1,7179,-0.5272463879970269,11.143073620002372,3
109,a1,b1,7998,-1.0803106670524876,35.607756139441165,1
110,a3,b2,5765,-0.4142487293934935,9.089919873729883,3
111,a2,b1,3992,-1.3112904282014013,35.79011388090793,11
112,a1,b1,8706,0.18416605527883917,19.67063436085673,7
113,a1,b1,1033,-0.46625525211333346,15.445445295183683,8
114,a3,b1,6146,-0.9813251675883055,5.431356143154014,8
115,a1,b1,4927,0.9652043310947106,20.421215779130293,7
116,a3,b1,6628,-0.8631650316113285,25.584645899384327,10
117,a1,b2,4940,1.1535931268326467,9.26134998678892,6
118,a3,b2,6442,-0.5444456879002718,8.158106878221304,9
119,a3,b1,7373,0.0537760040238652,27.323795869259055,6
120,a2,b1,4536,-0.1608633995578705,19.617015524020346,6
121,a1,b1,4726,0.15554458622600717,27.091983983644425,5
122,a1,b1,3580,1.4928228700940913,-3.273957171621362,11
123,a3,b1,8317,-0.05206713412438282,-9.00386085559796,11
124,a3,b1,7027,-1.0747785215270693,19.01031473864043,1
125,a1,b1,3434,-1.5740389528092296,8.477862228151707,5
126,a3,b1,1306,0.1538278434946515,30.532750232994964,11
127,a2,b1,6332,0.3529370209867467,7.1240790045584355,2
128,a3,b2,3766,-1.0040971522130357,18.21172597985953,1
129,a1,b1,5571,-0.7164384962937176,28.26878486422177,7
130,a2,b1,8116,1.0224381208339526,-2.394348076236918,4
131,a3,b1,725,0.14337001938976712,4.218488638776639,1
132,a2,b2,5455,-0.24415792445697163,9.710294688619234,2
133,a3,b1,5437,-1.9900470300402426,34.89890364524345,9
134,a2,b2,437,-1.1581144910553804,32.39751784377407,10
135,a2,b2,9727,0.3354923830577965,30.0385389651005,10
136,a3,b1,2807,-0.5856315290563372,10.312035550807137,4
137,a1,b2,8110,0.030041206492533452,21.734873787288983,7
138,a3,b1,7951,-0.06127612308183837,19.56939664637938,2
139,a1,b1,552,-0.2454063852853548,31.514537199077154,2
140,a3,b1,5040,-1.4324568905300872,37.76382260403334,2
141,a3,b1,7583,-2.4882388833893914,6.559960860413696,9
142,a1,b1,4630,0.15469203111046279,23.030915425693728,11
143,a3,b2,1454,-0.018687822341911024,16.11933064014007,6
144,a3,b1,5827,0.352858273331153,14.766033142599749,9
145,a3,b1,3315,0.9388008816548387,35.92055519885444,5
146,a3,b2,7232,3.0938153988679016,15.322750188139251,8
147,a3,b1,8185,-1.337115780101066,24.91503014362359,9
148,a2,b1,1077,-2.028267874270054,3.851010857209122,1
149,a3,b1,7065,-0.054337593512488444,27.43577437441739,3
150,a3,b1,1236,-0.3219940105841359,6.178084461031979,11
151,a1,b1,4715,-0.3071113551919764,5.7974493406927134,5
152,a1,b2,8802,-1.6304630888040808,8.13941423953186,6
153,a2,b1,2042,0.592052089455939,30.969730625840953,10
154,a1,b2,5805,0.9771498448248016,32.994836324820405,2
155,a1,b1,9742,-0.23078939254158637,10.03591411749205,6
156,a2,b2,4878,-0.8138178837834158,29.777258650181803,8
157,a2,b2,1535,-0.1988696430353284,27.63777118648489,8
158,a2,b1,4475,1.1894126063669366,19.54184752838823,4
159,a1,b1,1593,0.26245639378955665,9.058518308459021,2
160,a1,b1,1070,-0.5812929175784822,13.269156575300235,4
161,a3,b1,6325,-1.3355688288799956,30.11801655246058,6
162,a1,b1,6952,0.8095690567268831,28.919889757798302,5
163,a3,b1,4836,0.6193993173671904,19.194014507457503,5
164,a3,b1,3328,-0.9580511091031334,10.820637293688367,8
165,a1,b1,9302,1.0485708591711245,11.8242419341993,4
166,a1,b2,6687,0.3400898882419994,14.067867625708525,2
167,a1,b2,4373,0.32225888389262575,31.19663543552253,4
168,a2,b1,1069,-0.7350810907135282,30.161069680857445,8
169,a1,b1,9809,-0.28974935317341066,5.320564873835568,10
170,a2,b2,9396,0.25518211673772934,17.65193867993517,3
171,a1,b1,5125,0.8786873725757947,23.120526407253784,6
172,a1,b2,6068,0.4540531352597755,-4.928823347228347,5
173,a1,b2,7045,0.0250416034837295,19.555658215677912,7
174,a1,b1,5900,0.67379040988305,-4.866803763845244,3
175,a3,b1,4305,-0.760658793384842,20.255555746855848,4
176,a2,b1,5491,0.450760727874451,5.573407376366616,3
177,a2,b2,455,-1.3430671424055127,17.896387370582246,4
178,a2,b1,3196,1.3027558974823317,3.737647002961614,11
179,a3,b2,3602,-0.6942874033399705,10.390354466291704,7
180,a3,b1,3411,2.354488663077873,19.690291444391704,4
181,a2,b1,3671,-1.5014893497866018,18.711093729022544,7
182,a2,b2,5347,-0.31106331795831205,23.12981460515278,5
183,a1,b2,1351,-0.7808841004691708,23.365302807736875,6
184,a1,b1,8504,0.8486440171615488,2.6669693013840874,6
185,a2,b1,5233,1.0514781158729098,15.947484876621342,1
186,a1,b1,5905,-0.1081344379398581,16.66204734257527,5
187,a2,b1,8992,-2.2967073494527233,15.47962570183416,8
188,a1,b2,8675,0.7986004396927047,27.07686857605286,3
189,a3,b1,3198,-0.5963862330169427,16.611912996805742,4
190,a3,b2,9663,0.4118183416815907,11.636347770692485,1
191,a2,b2,7695,-2.1619380188423167,28.678392085269557,11
192,a3,b1,3754,0.5012264400450375,25.708135809235667,2
193,a1,b2,4082,-2.779495542801496,7.8249558083888635,10
194,a3,b1,5514,1.2360229699067966,8.569857577914258,8
195,a3,b1,5939,1.3474616587939676,13.99591303174618,11
196,a2,b1,4387,0.5644760591318864,10.302565982087675,10
197,a3,b1,3438,0.4160542443215706,-1.8312708989297626,5
198,a2,b1,3692,0.277199987333312,11.044315176649633,8
199,a1,b2,3331,1.5942557481264041,-10.61480831215458,10
200,a1,b2,6182,-0.603961598996286,12.059235277271487,3
201,a3,b1,7019,-0.10664554680567047,13.86958860785008,3
202,a1,b1,7598,-0.49937454792582026,54.7065048699558,11
203,a3,b1,552,-1.2845986978577233,13.251129534728829,10
204,a1,b2,2079,0.6076715279295694,15.225888861255811,3
205,a1,b1,6195,0.2707973279043805,8.512142321771972,8
206,a1,b1,4038,-0.9275696140326048,30.354245205706697,6
207,a2,b1,193,0.22505524107152222,-3.918029408264662,11
208,a2,b1,9813,-0.041262374046033244,9.369736541712529,8
209,a2,b2,9564,-0.06545467113993869,18.024960377074393,8
210,a1,b2,382,-1.6289301771375755,6.773559093634324,11
211,a2,b2,4811,-0.5292505718045265,20.651782814173593,10
212,a3,b1,7783,-0.0647320580082556,5.9295491995203715,10
213,a3,b1,1807,-0.001695720369307154,-1.2043428657670088,2
214,a2,b1,4999,1.4035038096160872,14.942472088482297,9
215,a1,b1,8169,0.5592338112974913,12.480060051978437,2
216,a3,b1,8273,1.6332728991239114,30.899536511941655,3
217,a3,b2,9876,0.932051263790561,14.31536389494735,1
218,a1,b2,7557,-0.12259646066885894,-0.6153208193225659,6
219,a3,b1,5116,-1.1964649508551426,15.725494261656175,6
220,a3,b1,8712,0.4949605068626316,12.138752398672189,6
221,a2,b1,1502,0.49584672456238277,21.30794395329805,3
222,a1,b2,5039,0.1762896272103942,17.662164971831984,9
223,a1,b2,6844,-1.2292496990272828,12.80000494229397,3
224,a1,b1,6216,-0.197392934445653,16.45756691881156,1
225,a1,b2,4274,-1.0581910709216955,14.700626525206056,2
226,a3,b2,3699,-0.767931639321668,16.11771177044396,5
227,a1,b2,4310,-0.23964907061495613,-3.0256390263735398,6
228,a2,b2,3904,0.5137227022109235,17.75432022006793,3
229,a3,b2,7971,0.0026867110804559193,24.40636329328744,7
230,a1,b2,898,0.9860570577397157,11.732798259090742,1
231,a2,b1,5964,0.7205936576634225,6.000155597815972,5
232,a1,b1,9572,-1.6333371027631658,14.745464661358312,10
233,a3,b1,3949,0.203010235878307,15.759186054642962,2
234,a1,b1,195,-0.6132656357717319,9.281170055662514,9
235,a3,b1,8533,1.495370150356632,3.8705870393536923,10
236,a1,b1,8238,0.33511200977535605,22.621018145562957,9
237,a3,b1,8191,-0.1786702908493973,2.6706368122431563,9
238,a1,b1,7566,0.8172143904861515,27.101396194916774,1
239,a2,b2,1129,-0.2630937004919758,-1.4259952791177852,3
240,a1,b2,9885,1.6930268522871634,39.27637896016013,7
241,a1,b1,3435,-1.5105337367796152,32.85730171192267,1
242,a1,b1,2718,-0.8804716066820419,18.2628704779912,6
243,a3,b1,8491,0.5262431243442625,21.729432088662435,4
244,a1,b1,4720,0.5227470764026333,25.52948217067633,8
245,a3,b1,3392,1.6001697296033601,-0.9161665448974734,2
246,a3,b1,4607,1.5149758740171182,20.21160332030064,2
247,a3,b2,6824,-0.44018540849072557,38.656120480628076,3
248,a2,b2,2370,-1.5513631893389541,22.981868455884964,5
249,a1,b2,9807,-0.04833662385902417,15.359259552912224,1
250,a3,b1,884,0.7168175063864771,6.087957224519847,11
251,a3,b1,4160,0.2837214102375798,17.574789575715318,3
252,a3,b2,1115,-0.9860264285070266,15.148938002417795,8
253,a3,b2,8244,0.06529548792494219,27.676567374825012,6
254,a1,b1,4676,0.3448281829874438,10.912008948930037,10
255,a3,b1,6824,1.1972022505354067,4.632389364368931,6
256,a3,b1,2395,-0.028727769971484116,12.964450511399086,9
257,a3,b2,5554,0.04578121618088213,20.059227283315586,3
258,a3,b1,5334,-2.3263349395920625,21.946824630672637,10
259,a1,b2,3003,0.08433181914843255,19.27273393531985,3
260,a2,b2,5014,1.2319047486519883,16.270043042357024,5
261,a2,b1,4216,-0.27980606157254456,29.863507925715147,2
262,a2,b1,3593,0.22064620467545185,5.831462016935755,3
263,a1,b1,8000,-0.9453462460085919,4.002602187171728,8
264,a3,b1,4546,-0.1317248608480865,20.09708887614114,9
265,a1,b2,4576,-0.3978905857913881,20.391684820014568,1
266,a2,b2,6930,2.112653023459228,8.549880399243737,11
267,a1,b2,5252,0.7707854334990478,23.109221149629377,11
268,a2,b1,6865,-0.47936085288550717,19.221372472387383,10
269,a1,b1,7873,-0.2532909863349376,23.039657663330935,6
270,a3,b2,8189,-1.7807769474666777,18.05953417530536,6
271,a1,b2,8276,2.3975878860353834,6.672497537749333,9
272,a2,b1,6608,0.7877808904178017,18.08442920441249,6
273,a2,b2,9890,2.023025766443672,34.947652465623456,4
274,a2,b2,5164,-0.6594173131652228,17.827475789901122,6
275,a1,b1,8134,1.1050790639997736,17.221394363637195,8
276,a2,b1,6763,0.1457149264465632,10.682540811519646,1
277,a2,b2,8559,-0.11342462611786598,16.663297484044545,3
278,a3,b1,5589,-1.4495111029121552,28.90129035436946,5
279,a3,b1,3477,0.6174887661053264,21.890627784090995,1
280,a1,b2,104,0.6767026921995972,23.577604609045824,8
281,a1,b1,1118,-0.15691144186286193,-6.2555273895862324,7
282,a2,b2,4077,0.777615641341738,9.308381720016426,5
283,a1,b1,9636,-0.19599636726261171,20.51059060669997,1
284,a1,b2,2268,0.711085565216506,31.334112025307867,4
285,a1,b2,2699,-0.18790857816929582,12.835634532325544,10
286,a1,b2,8986,0.19033389227161226,11.77500891372543,6
287,a1,b1,2028,-1.5004308613052562,-1.1008286203765394,6
288,a1,b2,6652,1.36551190961916,32.526710045223105,9
289,a2,b2,8026,0.9661174477625506,22.749372977113392,9
290,a2,b2,3671,0.6295661630535068,19.319486124741623,5
291,a2,b1,2747,-0.6475511862235159,10.061471046505606,3
292,a3,b1,1487,0.12385138813979625,28.003452252306566,7
293,a1,b2,1141,0.7617811802713378,3.6214230806513594,11
294,a3,b1,285,0.18730092505978974,16.26851291727796,6
295,a1,b1,4575,-0.857881407821012,9.995597836310335,2
296,a3,b1,2782,0.5366907042155233,23.134707897919277,5
297,a2,b2,5254,1.5362048002137116,29.23088940025704,8
298,a3,b2,6155,0.048819875343274075,-3.6939132187186416,3
299,a3,b2,8461,-0.6559826156976745,5.699324574649777,5
300,a3,b1,9238,0.7831246465329855,21.321625499681446,7
301,a3,b2,6208,-0.20751033481476636,4.979511094884558,11
302,a2,b1,3311,0.8041015371995611,11.97555397524483,6
303,a1,b2,4151,0.5124881463538318,20.737078761005087,10
304,a1,b1,5000,-1.458280435206447,24.272543741485315,11
305,a3,b2,7307,-1.89598475470028,25.585415047883583,7
306,a1,b2,5907,-0.2207170868449644,5.0291025398424605,3
307,a1,b1,3197,-1.7779472566415526,22.971337165078005,4
308,a1,b2,9744,-0.9010162686305735,14.806914966969408,6
309,a2,b2,2005,-0.6370124787925039,6.401015647673633,1
310,a3,b1,7552,0.19357287048648902,24.66334452722093,3
311,a1,b1,9068,0.909996829101653,7.647197326031635,9
312,a3,b2,4055,-0.23990582853187556,-4.4236373931409965,2
313,a3,b1,7500,0.7884168240355554,26.616849013710926,9
314,a2,b1,9735,-0.1156587697765836,7.223211635088697,3
315,a3,b1,7732,-0.9822384661275211,22.78489626204408,9
316,a3,b2,4199,0.3348608029666738,12.850585321221327,4
317,a3,b2,4105,-1.3749346976600272,21.226784468517266,6
318,a3,b1,2884,-0.5899549320757482,-7.606667622485508,10
319,a3,b1,9163,1.0054116182052282,12.870234198868944,5
320,a2,b2,4685,0.4405369347268229,-1.4889041953550386,6
321,a3,b1,3696,-0.7493328427754792,24.889080369878016,10
322,a1,b2,6427,-0.25845606776468805,1.0115347046572438,6
323,a1,b2,7515,0.5123590511030703,-1.416207262341473,9
324,a1,b1,6803,0.43919206903033053,17.231453210788956,2
325,a1,b2,7244,0.8923902275833543,9.716557174592655,9
326,a1,b2,1393,-0.22940020641041287,26.644049100181675,5
327,a3,b1,4162,1.1914668440862957,22.62188199418049,2
328,a2,b1,5427,-0.18676706855297287,14.462297934518775,6
329,a1,b1,4156,0.8655845056426874,32.15297619755822,9
330,a2,b1,204,1.153043962264107,14.055049966889735,1
331,a3,b2,3427,0.7975917967836296,16.957610863467607,7
332,a1,b1,9929,1.2586847726773205,22.586288749937403,1
333,a1,b1,5566,0.6132807164515034,-11.365321928644322,9
334,a2,b2,6976,2.1887302157618556,7.563916597785956,2
335,a2,b2,5988,-0.9564876709015488,19.913884152640108,7
336,a2,b1,4204,1.0140465076306242,14.466241129149253,6
337,a3,b1,8970,-0.03220525750930523,4.551858870470372,7
338,a3,b1,856,-1.9896102549072883,23.23891773547456,8
339,a2,b1,6011,-0.19966024433692908,16.64620392621904,11
340,a2,b2,3546,-0.034534661335779086,26.835536663496736,9
341,a2,b1,6016,-0.4878391557592629,3.8345409823333085,3
342,a2,b2,174,-0.7537834563271172,12.433742601872767,6
343,a1,b2,9655,-0.9750349971889667,18.02454631132941,10
344,a3,b1,4584,-0.42005901385954214,7.416856235982758,9
345,a3,b1,8731,0.890346091086389,19.90783220293988,10
346,a1,b1,3429,0.7301208648196967,0.17083026534032264,3
347,a2,b1,1196,-0.43741089950213846,14.66545210923138,4
348,a2,b1,5904,0.2990379993470279,39.95708704152843,7
349,a2,b1,7198,1.648186345850833,28.161006681623434,6
350,a2,b2,2918,0.6387671795284916,3.3359903192998583,8
351,a1,b2,3178,-1.623020944068464,21.222550926924587,3
352,a1,b2,2313,1.3102793447551946,22.95608574412773,4
353,a1,b2,7124,-1.7398778406535937,22.0447986869615,3
354,a3,b1,8391,-0.9277013997135581,25.287866396320535,7
355,a1,b1,78,0.37967418191645647,33.65102646602156,8
356,a1,b1,7391,-1.6823790888695858,9.316928972935319,4
357,a2,b1,6341,-0.40483911635021963,16.650062414881223,5
358,a2,b1,2346,-1.4201153599230092,21.161074560295,2
359,a2,b2,8819,-0.20641720583036996,4.253056222765183,4
360,a3,b1,3377,0.9555996437098057,21.482238005717928,2
361,a2,b1,7149,0.35718264585856613,13.823493743013506,6
362,a3,b2,9875,-1.0164191597249599,14.574542196132287,11
363,a3,b2,1840,0.7045847315942267,11.308960768611808,4
364,a3,b2,3706,-0.16195070239415554,24.0071998861591,8
365,a1,b1,7523,-1.1094992945801143,28.669438798307525,4
366,a1,b1,5740,-0.5255053185805562,24.779772635207483,3
367,a3,b1,9072,0.49322477355916144,21.6310994656711,1
368,a1,b2,4872,0.5366095397632472,1.4777526590407408,8
369,a2,b1,6127,1.1084720109297586,19.622038466774704,9
370,a3,b1,4992,0.09061696194680037,8.20303714483276,9
371,a2,b2,7492,1.0140714294903,12.204348481795257,1
372,a2,b2,6918,-0.25829357025772187,5.964615275723283,1
373,a2,b1,1245,0.7976785231169771,14.786049781387591,1
374,a2,b1,3630,1.2814613024938362,6.064227763369239,5
375,a3,b1,7246,0.3560306040160922,5.736881559219988,8
376,a1,b1,6655,0.06969616860420286,9.083186402930648,9
377,a2,b2,2371,1.0352858905629854,-9.501872693311409,7
378,a3,b2,3087,0.2252650252203639,32.543128254892565,5
379,a3,b1,195,0.019374416953327936,22.487599793417296,8
380,a3,b1,686,0.9657770066620627,20.918809334672773,1
381,a3,b1,3269,0.32506646980113424,21.230555381898327,7
382,a3,b1,494,0.0407404482344378,23.586840944096927,4
383,a1,b2,708,0.7678108431689205,19.92983833729315,3
384,a2,b2,2513,0.9445944526263791,30.79654015824584,10
385,a3,b1,604,-0.27184586021459345,14.39725513504122,5
386,a2,b2,7898,-0.1857028214698426,20.348619596420782,2
387,a3,b1,3180,0.38700206056385356,26.400693347670796,4
388,a3,b2,2314,-1.5037594910682508,8.801544920463861,7
389,a1,b1,2922,-0.40765352333749844,5.967733246151068,4
390,a2,b2,510,0.2732124262040394,6.561735795573119,6
391,a3,b1,8634,0.1392587423702292,28.987976912189502,3
392,a2,b2,7979,1.1793216160310123,5.34253192257116,3
393,a1,b2,4555,-1.0378452175364727,30.058662056715846,8
394,a3,b1,1476,0.9764160352473313,17.964233654471297,8
395,a3,b2,7339,1.825496167495866,15.30067919377994,3
396,a2,b2,3925,1.498251886606996,-10.059836070961378,3
397,a1,b2,5941,-1.080320921918899,16.212733920881078,1
398,a2,b2,6965,2.0632954691118206,11.042568110914175,9
399,a2,b1,8998,-1.257692145353827,19.864750216493007,6
400,a1,b2,7050,1.854536200757079,18.75215562283368,9
401,a1,b2,1234,-0.017591159808197396,23.983187591946333,11
402,a2,b2,5055,1.6104037025913829,26.426111442598298,7
403,a2,b2,1917,0.6322250699187518,22.764994485175322,9
404,a3,b1,3861,3.2287198173365623,21.906812784162064,9
405,a1,b2,9280,-0.7931437656015482,13.909905851589816,9
406,a2,b2,5382,-0.587298925543858,8.325868077781212,2
407,a1,b1,3791,-0.5924443895769081,10.538097404603901,9
408,a2,b2,624,-1.4975704379586756,21.939064113816222,7
409,a3,b2,7368,-0.5844163710064291,24.588938850738124,1
410,a3,b1,1448,-0.6463266912644956,8.265817110927285,6
411,a1,b2,8830,-1.0724819874569596,17.31324545661085,10
412,a3,b1,8418,-0.201587217471586,27.707541794527014,9
413,a1,b1,6425,0.7988487402764761,16.94515356329409,8
414,a2,b1,7820,-0.21937178989484812,1.3482056350267033,4
415,a1,b1,1942,0.9077563373949724,-0.02757621525674736,6
416,a2,b1,6335,0.5809802528835295,20.137294227679323,11
417,a2,b1,4100,0.4679521949238835,14.014618093322909,3
418,a3,b1,6519,0.22491704616746047,21.98704892622493,5
419,a3,b1,5755,-0.8744859630146318,14.218483780447507,10
420,a3,b1,8106,1.06468039077232,4.546025724540179,5
421,a3,b2,8641,0.6257208744957663,1.0025660419803764,5
422,a3,b2,7430,-1.1994279261661813,-1.9811662913838557,4
423,a1,b2,2709,-0.24974335355588184,24.66265065078341,1
424,a3,b1,4586,-1.3118333918547243,20.941254347927625,5
425,a1,b1,4893,1.3939795567782827,19.834792535100846,4
426,a3,b1,1667,-1.2873840137887917,21.099270600119517,4
427,a1,b1,8175,-0.33585265082713917,15.651234020548227,6
428,a2,b1,1478,-0.29925340856361554,16.344302360572712,2
429,a1,b2,3386,-0.04994989647780387,12.583178053770462,9
430,a2,b2,1950,0.62243011209631,21.147673696229816,2
431,a3,b1,7441,0.504539747318334,5.5130174975280575,1
432,a2,b1,6917,1.1823996425986698,13.300932330031127,11
433,a2,b1,6134,-1.1172453427283806,14.398456001062385,7
434,a2,b1,5072,0.24482855075037294,13.00128531297415,1
435,a1,b2,4794,-1.137386547146711,26.2413349110683,5
436,a1,b1,5008,0.07733933598902176,20.52192038206668,2
437,a2,b1,9626,0.17452494287835138,8.98566726369536,4
438,a1,b1,4664,-0.6814896111536312,4.083648144873191,3
439,a3,b1,4480,0.164376716330371,20.939967931591646,6
440,a2,b1,5185,0.8770064091843273,10.91318622483125,2
441,a3,b2,7713,-1.541096595086909,19.804216132000672,3
442,a2,b2,1471,0.16552587639300909,29.032610545758512,8
443,a3,b1,4294,-1.0595448456234255,19.94973390651732,6
444,a2,b2,3539,-1.183621180626974,13.882541579308874,2
445,a3,b1,6302,1.0991283602586905,15.155031068165624,5
446,a3,b1,8405,-0.0783834737096201,31.2899614502682,4
447,a2,b2,518,-0.6892505237654856,36.626652982052256,8
448,a2,b1,274,1.1664735365959915,11.512232083928494,10
449,a1,b2,4931,1.1020534513824707,8.075354000019745,11
450,a3,b2,7954,-1.8374886664887424,15.009254247671173,11
451,a1,b1,8836,0.33460651414976267,14.50552746379397,2
452,a2,b1,410,-1.7662384675956837,21.738367122520707,7
453,a2,b2,4467,-1.9595931778165288,4.409260772663943,1
454,a1,b1,6614,-0.38900415903301255,7.561471924996437,8
455,a3,b1,6077,0.5708962606804167,-2.222303969410624,7
456,a2,b2,5024,0.9577667766638445,14.358164910118461,8
457,a1,b2,3015,-0.11531610406093952,14.15230213120848,11
458,a2,b2,4703,1.8549275457970336,10.061384161585767,11
459,a2,b1,2532,1.2186587668392506,10.436220620677114,2
460,a3,b1,1636,0.421012559363771,19.658709125672928,6
461,a3,b2,8873,-1.9407230875819537,28.231278654914263,2
462,a1,b2,6296,-2.774320425842735,20.20296311852127,4
463,a3,b1,7753,-0.32805116617136226,24.04682997549267,5
464,a3,b1,4883,-1.2471218599039404,9.073818154110871,1
465,a2,b1,5792,0.4416619448983008,15.613255317282809,2
466,a2,b1,223,-1.169520197929753,10.0500749119341,9
467,a2,b1,7662,-0.762778481688122,13.770637001371782,4
468,a3,b1,5578,1.3600325643077604,15.64657915701357,9
469,a1,b1,319,0.8017755346897231,14.35758449094896,8
470,a1,b1,9852,-0.034163067294700984,12.648579113507587,9
471,a3,b2,5698,1.3268620704598202,20.077979956509242,2
472,a2,b1,1679,1.8611089284688933,20.536477349581507,10
473,a1,b1,8369,-0.6893379792000293,18.489448262492118,1
474,a3,b1,9148,-0.18283665415162872,28.582271051751952,6
475,a1,b1,5622,-1.2406951052576396,18.774159852139363,3
476,a1,b2,2708,0.7686033093239558,4.594457547525993,1
477,a3,b2,247,-0.18939900528778564,8.623043125848088,6
478,a2,b1,7136,-2.08833087394179,24.985488305555595,4
479,a2,b1,6678,0.9641330572657166,43.24973934701336,7
480,a1,b1,2915,2.072765757617712,13.512093914363811,11
481,a2,b2,5903,0.11980360719863821,17.67053259100328,11
482,a2,b2,4196,0.7447737914701686,24.228280923437175,1
483,a1,b1,9900,-1.819355565703974,-0.8901096812254661,3
484,a2,b2,9420,2.3073002973684997,11.881702307000904,10
485,a1,b1,2156,1.5856116130652314,1.0392785033150869,10
486,a1,b2,4206,0.8591942561557439,30.878338941540154,11
487,a2,b1,5625,1.7369740787184278,17.571366563712644,4
488,a2,b2,1844,-0.23869655982263052,10.746116217815821,3
489,a2,b1,6243,-0.624004919922176,22.24174938398545,9
490,a2,b2,2760,1.5446868491209482,26.61773305556007,3
491,a3,b2,5063,-0.749391927958836,19.873998104036882,6
492,a1,b1,5144,-0.23668654213580823,22.529631845822177,5
493,a2,b2,6688,-1.0873490139063744,-4.040043500835377,6
494,a1,b1,8740,-1.0552825019968737,17.830680040819956,1
495,a3,b1,5210,-0.09117959071578798,24.12570712991957,1
496,a1,b2,3312,-0.21165834695730756,6.1350966837395795,8
497,a1,b1,8572,1.8665910355326125,8.969774818735445,10
498,a1,b1,589,0.02218847268765497,27.301566749943206,4
499,a2,b1,2409,0.9568387376582053,4.10964098555181,1
500,a3,b1,2449,2.044771341461609,23.713011359338232,9
501,a3,b1,381,-0.6496271908433636,31.08087922230124,2
502,a1,b2,4292,0.9235357242560379,10.145915197413945,1
503,a1,b2,1072,-1.07832633761214,16.00677036374314,5
504,a1,b2,5110,2.1428209728174026,29.490700762985448,4
505,a2,b2,6490,3.2708272928284203,16.805591369025436,4
506,a2,b1,3327,-1.0612414437559647,43.433918549117735,10
507,a3,b1,4959,0.7316016564328788,18.37531858340785,9
508,a1,b1,8171,-1.9888633086820247,15.608346099588207,8
509,a2,b1,9904,-0.5186412263725938,5.059600195118211,9
510,a3,b1,6266,0.5248136734033658,10.535521175997044,7
511,a3,b1,8206,0.29454515794716474,11.263745640702002,10
512,a3,b1,3510,2.306153606924499,18.51020616514346,10
513,a1,b2,6522,-0.9207706390233998,26.228168953598196,3
514,a3,b2,2227,-0.9447474854665942,31.59086446880323,10
515,a1,b1,6262,-1.1979075512430275,30.931362551469746,4
516,a3,b1,8938,0.26237209956069757,-6.803940968315395,8
517,a1,b1,9041,-0.899341346867615,9.738402353638977,2
518,a1,b2,782,-0.12172445197726402,-16.41414243246781,1
519,a3,b1,7443,1.4077970109692783,9.766513578524844,7
520,a3,b1,9858,-0.8695935913236742,23.00519886672381,7
521,a3,b1,2639,-1.8165683794106302,22.914249188027583,11
522,a3,b1,7186,-1.281213775874865,21.356623839103104,10
523,a3,b1,5143,0.5642965711032789,2.7782761857897587,6
524,a1,b2,6759,-0.8470205166822005,5.528080177471001,7
525,a2,b1,6930,0.3432262459252339,13.77726155902929,9
526,a1,b2,7439,-0.05317522668420132,35.66600371909727,10
527,a2,b1,4154,-0.439032661461509,22.66789099073689,2
528,a1,b1,2868,1.0851090330253668,18.115999296803967,11
529,a1,b2,518,2.093137053844259,5.530145894132021,11
530,a2,b2,9841,-0.03176645122941855,7.562646259614544,11
531,a1,b1,9633,0.026159558851067473,40.4457531235348,10
532,a3,b1,2481,0.19457750240320462,2.1119609148201413,9
533,a3,b1,933,0.007147483061986552,8.315790379265273,3
534,a2,b2,1106,0.07450614490993479,15.857179809425318,7
535,a3,b1,9827,-1.153620330553552,-3.025132115147933,6
536,a2,b1,7113,0.04625482508672952,29.640619266804645,9
537,a2,b2,7052,2.0731742585303885,6.314184514769325,6
538,a3,b1,6689,0.5353601225086897,6.121057108819697,3
539,a2,b2,9869,0.5745849985776164,23.171791103988877,3
540,a1,b1,4429,-1.2774158514888194,12.376946667320958,6
541,a2,b1,3011,-0.8700331909890595,15.471062134488122,5
542,a3,b1,382,-0.43342599183843156,4.773932555235483,8
543,a3,b1,5728,1.193374927785942,33.56555204718115,7
544,a3,b2,4063,-0.38776543291519255,10.243333340871494,11
545,a2,b2,6151,0.2095050846348321,22.482651225829017,5
546,a1,b1,474,1.3740048221757473,28.807979292649645,3
547,a1,b1,7607,0.638096354133534,13.08421140451995,10
548,a2,b2,1574,-0.22825954045196106,17.234766627498963,7
549,a1,b1,9459,-1.7456488643132353,44.3087792324963,4
550,a1,b1,6610,1.6677691015314955,19.11869990540734,8
551,a1,b1,9149,-0.6822671652968266,-0.47962491771029114,4
552,a3,b1,6725,0.46329054100724587,22.886754802782434,11
553,a3,b1,4544,0.19916047930948783,10.716882513689061,1
554,a3,b2,5186,-0.573422717774036,27.43942704005606,6
555,a1,b2,9089,-0.8790247659950783,21.829405283968264,7
556,a3,b1,4254,-0.3060225763594815,16.949694559041617,2
557,a2,b2,3122,-0.9533298581684078,5.525504162699644,5
558,a1,b2,9592,0.25559990222505646,-5.867696578532792,1
559,a1,b1,4450,-0.6329868317252915,5.948242156940978,2
560,a1,b1,1375,-0.6733148073852198,9.801557242169034,2
561,a1,b2,5516,0.39800658862656735,5.241517381576953,5
562,a1,b2,666,-1.0211424914804812,10.333598244289341,10
563,a3,b2,4571,-2.0232692743275704,14.580345024822181,4
564,a2,b1,9551,-0.6508474360429435,21.380576030626315,9
565,a3,b2,9348,-1.2578031407170398,23.56988016814062,1
566,a1,b1,2164,1.424775498718037,2.0768033696698733,7
567,a3,b1,7817,0.949410247471468,11.205703385610787,11
568,a2,b2,7309,0.6775637712401327,4.256270495534974,7
569,a2,b2,8923,0.9462233723680048,6.640152522225113,7
570,a3,b1,9096,0.6818472998815387,17.150186574348403,10
571,a2,b2,2368,0.6957749953521586,32.63577860059745,11
572,a2,b2,5394,0.30509450421269096,30.688452102448977,9
573,a3,b1,3792,-1.5190618608008868,38.31702572208067,11
574,a2,b1,8605,1.7224460375913837,7.006389744249363,5
575,a3,b1,1940,-0.9587191326577198,6.796427955945351,9
576,a1,b1,6897,1.9675024509047976,15.91200352934464,5
577,a3,b1,9526,-1.7025797180730582,3.924075768952834,5
578,a3,b2,1329,0.4611734436210629,28.050901721714155,4
579,a3,b1,7446,0.8072386756186902,27.41939930447272,4
580,a3,b1,2912,0.014098297632492552,-0.742937035072492,8
581,a3,b1,2206,-0.6229765615031915,10.948516310803466,6
582,a2,b1,9233,0.44370032294025463,-0.8928732116985767,7
583,a2,b2,9055,-0.5171639873174231,20.01812580133758,9
584,a3,b1,3217,-0.5372057643027298,20.28274453192433,2
585,a1,b2,4482,0.6985630419284763,13.012481576859326,10
586,a2,b1,3669,0.4304318082083927,14.552606420324942,9
587,a1,b2,6930,-0.042491719243593455,17.32582297122479,2
588,a1,b2,8122,-0.0015124014771082186,3.0048638149295233,8
589,a3,b1,3782,-0.7893727368337272,23.822996149738028,1
590,a1,b2,1830,-0.5151659209938878,13.901518091677161,11
591,a3,b2,1894,-0.3014737414827815,18.136924225977662,4
592,a1,b2,6662,1.5088783402007833,29.83960405025841,10
593,a2,b1,3177,-1.698333572557596,26.15338830161071,7
594,a3,b1,8356,-1.323768547987586,3.1107492166894968,6
595,a2,b1,1487,0.6522534163474981,11.722409695305739,6
596,a3,b1,144,-0.72206125268333,30.136953485177244,4
597,a2,b1,3887,-0.7702768440557727,12.49027716966749,3
598,a3,b1,8033,-0.1402927712546982,11.93106383783191,4
599,a2,b1,4364,-0.1724565274213941,17.956887406453372,5
600,a3,b1,5175,-0.3360286110311717,28.04640733098109,3
601,a3,b1,8639,-0.5638862548854511,-4.403027717939366,8
602,a3,b1,9170,0.08321325717585434,6.4926357432871065,9
603,a1,b1,2022,0.018147014929631118,20.228160979671266,7
604,a3,b1,2913,-0.7926035805779686,9.084519421688759,11
605,a3,b1,2800,-0.32886633707401575,17.11021682106376,4
606,a2,b2,3384,-0.3289537218180985,11.142524852536972,5
607,a2,b1,3506,-1.3638918987180726,7.260901390417954,6
608,a1,b1,7128,-1.4887748010619326,12.178166095172735,1
609,a3,b1,8822,0.16567394053695197,7.94607826861551,1
610,a1,b1,6564,-1.81057083078062,13.907179241826746,5
611,a2,b1,2467,-0.9386796685759965,20.67074339948939,10
612,a2,b1,6955,-0.6727606809367346,8.217758800662127,5
613,a3,b1,3898,0.4675112663385786,3.5337769775854024,8
614,a3,b2,829,-0.8445085267669082,32.87817886543712,2
615,a3,b2,1958,-0.4735348172361304,15.602576750374393,3
616,a3,b2,853,-0.36398334208786715,22.455039934682794,4
617,a2,b2,4710,0.7319909799813412,21.41676215447074,4
618,a3,b2,5924,1.2402529043684685,17.357204168894697,5
619,a3,b2,4640,0.137987030195744,6.936311859157886,3
620,a3,b1,8519,-0.7558334134999104,28.073284328689972,2
621,a3,b1,424,0.4615348640847415,17.104784941620707,10
622,a1,b2,3653,-1.010059964716542,10.749795418150269,4
623,a3,b2,8633,0.5306093761160615,22.18414013444636,10
624,a3,b1,1847,-0.3649025955162061,9.483284762084562,8
625,a1,b1,9590,0.09255092733640101,4.378832886679989,4
626,a3,b2,7716,-0.7134247308456587,10.746259236766875,8
627,a3,b2,4681,0.4329733661830791,14.283605533190663,9
628,a3,b2,8437,0.9339625028621359,34.30973821753851,11
629,a2,b1,8142,-1.1028633312971265,9.837491473527857,11
630,a3,b1,387,1.442526405560632,26.0245281746339,5
631,a1,b2,7401,0.8137507130110742,12.99773397159246,10
632,a3,b2,1277,0.007839780660871298,21.455255835435572,10
633,a1,b2,9386,1.3811115025239098,-2.3838053593554474,9
634,a3,b2,3852,0.8734610898927362,8.17819723150227,4
635,a3,b2,5183,0.5149720787225666,15.4095234956777,8
636,a3,b1,4924,0.9460037814465727,16.208424700510818,7
637,a2,b2,2646,-0.07393526290958578,23.716399753981264,11
638,a3,b2,6689,-0.7031682660304774,21.595407578626315,3
639,a3,b2,8505,0.1385568616070901,18.12577025146785,1
640,a1,b2,3686,0.5925471161137987,9.157819297526963,3
641,a3,b1,1449,-1.4315149159252905,16.271393383441282,4
642,a3,b2,3716,-1.3044714299452755,-3.3503771842441026,8
643,a2,b2,6811,-0.0754626251707399,11.69178822538569,4
644,a2,b2,2550,-1.0136994168488034,7.549067395571429,7
645,a2,b1,7323,-0.23010751944705363,32.18374953919708,10
646,a1,b1,3196,0.11850070979065622,13.18855167587364,10
647,a1,b1,1804,-0.4433784529769147,11.18110905331193,11
648,a1,b2,4073,-0.18962932506570349,6.95896115281189,3
649,a3,b1,2480,-1.4307790723231082,10.735489967493844,8
650,a2,b2,3928,-0.6350718307077099,15.062788298201962,2
651,a2,b1,2407,-0.42178907253447995,18.392692580866232,3
652,a3,b1,1014,-1.5173793710007772,13.868652820992866,9
653,a3,b1,7748,1.5511327258842775,24.03598702873731,2
654,a1,b1,5712,0.3231392763331597,15.54248920191758,11
655,a2,b2,4004,0.7717859503257897,21.50583638402621,7
656,a1,b1,9472,1.2434060459937264,8.475707962899913,8
657,a2,b2,1931,0.820586430106185,2.4646432149160162,7
658,a3,b2,9359,-0.8072384283139105,-4.215586986849006,10
659,a2,b1,8339,1.1174936013638292,15.309635993321447,8
660,a3,b1,9039,-1.0011631628241504,17.5309912184013,5
661,a1,b1,2593,-1.4796438124815336,16.581903505948844,2
662,a2,b1,3788,-0.22728796728171505,21.027540022291827,3
663,a3,b1,4528,0.5413021432105277,19.68810662179066,6
664,a1,b1,3291,1.4654349343281008,25.508268615206823,1
665,a3,b2,658,-1.8493324108515246,26.26425815239226,4
666,a1,b2,4010,-0.6596642842078851,7.219246470497408,2
667,a1,b2,747,0.17992333957012935,12.792787535205173,11
668,a1,b1,9723,0.6400116396585428,23.53266391558792,3
669,a3,b1,9840,0.9445829698298575,3.945706951931072,6
670,a2,b2,7046,-0.057589881919000455,16.03172850793977,1
671,a3,b1,6384,0.05973996846854588,5.423729265866573,4
672,a3,b1,6228,1.260177569185218,7.960474432178694,5
673,a1,b1,7140,-1.7071673127078653,13.006209148521801,11
674,a2,b1,8704,-0.3004361223976297,21.11502354989853,6
675,a3,b1,4957,-0.17015339632280133,18.58216341115363,8
676,a3,b2,7544,-1.6815828103342325,7.424002659610272,11
677,a3,b1,6096,-1.9121440608298244,9.603237916915658,8
678,a2,b1,9769,1.8226557235144913,36.563622023174496,11
679,a3,b2,610,1.2166780510382982,6.436878605305649,10
680,a1,b1,5488,-0.9555393365198026,23.687567789234173,1
681,a2,b1,8946,1.0451400456052629,30.85839943671839,8
682,a2,b1,7590,-0.3758219810003012,2.108827833489263,9
683,a2,b1,5485,-0.8132136932469733,15.179565631517875,8
684,a1,b2,2507,-1.1316727541084777,9.184201207126362,6
685,a3,b1,2348,0.004974221322768436,14.422172783098855,5
686,a2,b1,9685,0.41530040493692255,16.787031286007245,3
687,a1,b1,6573,-1.3756917804414295,7.75268762013223,1
688,a1,b1,8486,0.10731880712677334,24.777231527585272,9
689,a1,b2,9231,1.2949420876735143,18.036381348985074,6
690,a2,b2,2652,-1.2205811529960908,33.5596359577246,5
691,a1,b1,8208,2.8059187528373264,-0.17490167324883288,1
692,a3,b2,5471,0.45057380784528883,18.885824696506447,11
693,a1,b1,9053,0.6761483878918191,13.616520027914074,2
694,a2,b2,5185,0.10693715466404603,12.930718964866948,9
695,a2,b2,964,0.020395289865928395,9.872863704823397,4
696,a3,b1,8189,-0.1881164508926751,19.983200315251466,6
697,a1,b2,6878,-0.5329731467664078,15.360587234428307,2
698,a1,b1,3207,-0.08819179662170033,16.280904489329508,4
699,a2,b2,6964,0.7180538958730974,20.1009207590142,6
700,a3,b1,7183,0.3453525993422639,-7.6685022448165014,3
701,a3,b1,2423,0.7206355225950684,24.723001669486333,3
702,a1,b2,3547,2.4927880666482434,17.811316097010284,8
703,a2,b1,9528,0.7081161349979985,19.05794699329812,1
704,a2,b2,3762,0.3457642115239573,23.00188072970476,11
705,a2,b1,8948,-0.787992602081472,-9.024609774923908,3
706,a3,b2,348,1.103256389062944,21.805460646981203,6
707,a1,b1,5928,0.4657317754186136,1.71056213095207,2
708,a2,b1,8425,-0.7022225672218741,31.469326327277955,7
709,a2,b1,8396,2.1098455074930738,22.910648036941712,9
710,a2,b2,5325,1.0677575650530844,23.361084507526428,6
711,a2,b2,107,1.4574241110990198,22.816295584856036,8
712,a2,b1,3325,-0.7255253121409768,9.51848159517037,7
713,a1,b1,2804,-0.25343931833941286,1.52345028872025,3
714,a1,b1,6417,-0.7155083419914406,-6.483150404675161,8
715,a1,b2,6543,0.4311578884068024,9.249272276634713,8
716,a3,b2,1472,1.0503420181050718,22.72043470392918,4
717,a2,b2,7394,0.34732362101590497,23.900054927644995,6
718,a3,b1,159,-1.8974517852534079,35.341270597216436,6
719,a3,b2,9776,-0.3229436157362259,24.979192382053803,4
720,a3,b2,9366,0.18076492685992926,20.232991798555556,2
721,a3,b1,5353,0.3085573511095066,17.026226593559606,4
722,a3,b1,4208,-2.020193464823793,34.2718160519329,9
723,a3,b1,7955,-0.24364688386261804,34.49900646238909,10
724,a1,b1,8291,0.53618425263726,18.650318128821844,4
725,a3,b2,5106,0.6108964670315279,4.668637307732434,2
726,a3,b1,9471,-0.9235080977323803,0.3410991020344145,6
727,a2,b2,727,0.2459443141335732,26.68021392174216,11
728,a2,b1,6634,-0.5844698193633112,-8.371637179144376,6
729,a1,b1,2160,-0.5645649321266865,10.363954719076451,3
730,a3,b2,3151,0.1796671638796171,12.898404605606672,9
731,a2,b2,5751,-0.7172606907423427,22.6025713791041,3
732,a3,b2,3316,1.0108641346459224,4.246843911299553,7
733,a1,b2,466,0.46535963778989115,18.35377996229876,7
734,a1,b1,8842,-0.4123496193032635,8.01886649366029,9
735,a1,b1,7706,-0.4006576991804613,37.92702889452879,5
736,a2,b1,5373,-0.4077830770216225,21.029143186996805,11
737,a3,b2,7194,-0.14345869343364465,15.952071692534242,5
738,a3,b1,636,0.4415110946867617,-3.57595839058844,7
739,a3,b1,9428,0.4745052473256929,24.745486818079193,11
740,a3,b1,7936,-1.6460899792955286,10.184240638696213,10
741,a2,b2,7265,1.333714858149676,17.107496969265895,9
742,a3,b2,4568,0.5160041675697299,23.309952592921036,3
743,a2,b1,3805,-0.6981320962026459,14.20922220169777,4
744,a2,b1,6169,-0.19050136429573356,26.766733700994287,5
745,a3,b2,2701,0.011320162453140228,15.199186794100441,11
746,a1,b1,5802,-0.29405666051204987,4.197739687529932,4
747,a2,b2,3259,0.7902491701110956,8.09074629185183,1
748,a3,b1,5290,-1.147763655237462,20.167066421403014,1
749,a2,b1,1420,-0.46971735931912467,7.163402085399451,1
750,a3,b2,7997,1.0246276156733312,2.9365622502343722,9
751,a3,b1,7144,-2.9443102698580126,14.268115866989358,8
752,a2,b2,9354,1.355521358180611,20.580493946155453,11
753,a3,b1,5969,0.7958294870029451,10.614992444859041,1
754,a3,b1,5137,1.0032619237645468,11.90840898219554,7
755,a2,b1,1425,-0.29740624224279516,18.81829400528291,6
756,a2,b1,9198,1.1959860013269876,23.353310422756422,4
757,a2,b2,4029,0.18157665536613052,21.404675462496428,8
758,a2,b1,8916,-0.34941448123493457,0.7331405150046262,5
759,a3,b1,2664,-1.9151444855173516,19.980052381857163,7
760,a3,b1,864,-0.5373797056900517,7.969402255362287,8
761,a3,b2,2460,-1.8882370339434873,8.350120655548718,6
762,a2,b2,6121,0.3144824002680943,35.725632496277306,9
763,a3,b2,8475,-0.17556282671477422,-0.4319292480839554,3
764,a3,b2,884,-0.5155632397859727,23.283123852631608,10
765,a1,b2,4818,-0.6801001203641793,22.461397699312506,7
766,a3,b1,7642,0.9171333547140647,3.9025235749348184,3
767,a3,b1,7339,-1.4807671672560185,13.196400261164744,4
768,a3,b2,7307,-0.3924272414729348,14.561728619293053,3
769,a2,b2,3545,-0.2664134995561987,18.297264228956877,6
770,a1,b2,2490,-1.365537469838274,25.960043580229108,1
771,a1,b2,6812,-2.8129916205172827,11.92468220794045,1
772,a2,b1,1255,1.034976138970706,26.256271096010565,4
773,a1,b2,2592,-0.2073784711412758,18.740879306474604,3
774,a3,b1,9358,1.9586953235754108,4.655139973977624,2
775,a2,b1,4510,0.5338575618041741,2.7141192811255657,11
776,a3,b2,7558,-1.824748184910307,8.417820135830912,9
777,a3,b1,739,0.48523210574700404,9.630003060488267,1
778,a1,b2,3970,-0.44611000304971327,2.4453666698061625,9
779,a2,b1,504,0.23889858787911122,12.094846266423403,5
780,a3,b2,477,-0.876849023705746,3.397580722185614,8
781,a1,b2,589,-0.8224582291035178,29.026418633350495,11
782,a1,b2,5339,-0.41970139770141796,27.19159781542852,2
783,a3,b1,3564,-0.3505103206967462,0.26979856958325676,4
784,a3,b1,9121,0.5263777539738115,2.136634201225929,1
785,a3,b1,2827,-2.094006430875347,16.15849873782566,9
786,a1,b1,7250,-0.9925110019299361,9.108066186455392,4
787,a3,b1,1322,2.3917573391944,20.511192041977168,6
788,a3,b1,2690,1.1854398636142722,26.965648116125564,9
789,a1,b1,7149,-0.15524781038671995,26.639054362787242,2
790,a2,b1,9139,1.11147620431493,21.917391274061035,1
791,a1,b1,7328,-0.9384320562069389,9.01417238691901,4
792,a1,b1,2543,0.4959199075294766,21.65941933860713,11
793,a3,b2,7486,1.5861640216711097,2.6399475580842395,9
794,a1,b1,9145,0.02602288529324263,18.713269160212334,7
795,a2,b1,4875,-0.530326260993762,17.364878846951566,1
796,a3,b1,6602,0.6447072588275929,0.6509366541753927,6
797,a1,b1,2983,-0.44140527956445236,12.247614325655228,5
798,a1,b2,9916,0.09370536625978625,14.132663244016205,1
799,a1,b1,6280,0.2319875551635701,23.308850486911318,5
800,a3,b2,6965,-0.8781275191276365,30.409366119441977,3
801,a2,b1,1892,0.059615650429649954,9.617295054553836,11
802,a2,b2,4663,1.0279098846150136,6.5465020347687535,11
803,a1,b1,4098,-0.11076573976160815,1.0459736543760485,7
804,a2,b2,266,-0.4677704422737114,3.818004811546599,2
805,a2,b2,8956,-0.7396751526212602,7.792083696901411,11
806,a3,b2,9167,-1.0517547172182429,3.639827441257781,6
807,a2,b2,3334,0.8000368642190837,13.077745570775829,7
808,a3,b1,7926,0.15341801359524665,2.1894278840365917,7
809,a2,b2,1405,0.7002867219462886,32.757294321701764,1
810,a1,b2,5209,0.5688902453714678,-4.656511276183487,7
811,a1,b1,3723,0.8820058111257325,25.250372535246207,6
812,a1,b1,6982,1.7058779474501957,26.1050274498595,9
813,a1,b1,2148,0.6859830092525915,13.39399493207554,1
814,a1,b1,8504,-0.5895019205561828,21.55395154393834,2
815,a2,b1,8263,-0.495784909271976,13.979561313054878,7
816,a2,b1,210,-0.013145629289031029,22.92850564080159,10
817,a3,b2,2031,-0.41713389040186427,24.40710091702383,3
818,a2,b2,9724,-1.1257545809902896,16.476489526203906,5
819,a3,b2,3839,-0.842744205283302,6.263910003176056,6
820,a3,b1,8766,-0.8086283394732285,7.8982761832679635,4
821,a1,b2,8484,0.565544412535989,18.197137694033373,9
822,a2,b1,7106,1.1597879635357495,0.026026898904854434,4
823,a3,b1,626,2.6136272057151313,24.662917257791886,1
824,a3,b1,2911,-0.19280647106314697,0.07287016058706541,6
825,a1,b2,9257,-1.0759264057793874,8.110306830513297,2
826,a2,b2,972,1.2900045308666015,5.329057260183525,4
827,a2,b2,1889,-0.2231823882202089,0.6044031305940454,2
828,a3,b2,3371,-0.27674180318380137,5.9722884043733515,11
829,a3,b2,5776,-0.22600515035357008,15.822695814681664,6
830,a3,b1,9730,0.029712855749060987,10.228855836056654,7
831,a2,b1,2961,-0.10062364942292921,12.359164161193853,5
832,a2,b2,9275,0.2889413755064064,25.276835916803062,8
833,a3,b2,294,0.013477459137595692,14.858459314552885,8
834,a2,b1,575,-1.821335972742944,22.1396230018509,8
835,a1,b2,4661,0.07696177622458311,22.24256955149519,5
836,a3,b1,1447,-1.5702282542471755,9.907842731846348,10
837,a3,b1,1706,-1.4072527877277727,23.925217245893677,8
838,a3,b2,7354,-0.6193659628695626,27.828465485421233,9
839,a2,b1,825,0.05434708939438877,12.56920710395482,3
840,a2,b1,6585,-0.3729847934312343,-3.4729821207424187,6
841,a1,b1,6391,0.9419665201946016,9.163725209228998,9
842,a3,b2,2427,-1.1786358642738792,13.668087609301676,8
843,a2,b1,888,-0.31054927635539475,29.12935336054167,6
844,a2,b1,9606,-1.3474513115219082,13.455070573566221,5
845,a1,b1,7184,0.0067799508114986615,7.252486004338798,4
846,a2,b1,2178,-0.7434895036152491,7.362577795351379,9
847,a1,b1,8446,1.2028057849229263,2.794584235335803,2
848,a2,b2,3189,-0.5669888399741556,9.72646059233035,10
849,a2,b2,7123,-0.19708363845746485,11.141074094900599,4
850,a1,b1,1157,-0.82013101882982,5.4894290427361,9
851,a2,b2,4042,-1.1808989642139631,14.582082949101066,9
852,a2,b1,2455,0.7221829765486315,10.10268331810585,11
853,a2,b1,8621,0.8341615085838002,21.83125796608502,1
854,a1,b1,2714,-1.5476580580404433,4.901756039959613,5
855,a1,b2,4287,-3.2984145270074423,21.032682638362466,5
856,a3,b1,5630,-0.13019303499680002,16.428357707147622,3
857,a3,b1,921,-0.690706417298681,19.292550281179096,6
858,a2,b1,876,1.0811581256291094,10.527073588594572,6
859,a2,b1,6928,0.7367007354386707,21.349899261310437,8
860,a2,b2,1770,-1.309917896558685,25.263488797657445,7
861,a3,b2,8448,-1.5148714610460552,13.505959415024918,1
862,a2,b2,6738,-0.9640997413781826,18.451041652629293,6
863,a2,b2,9945,0.586260266884644,10.19397793122495,10
864,a3,b1,6020,1.3617265320090453,15.604323047570068,4
865,a3,b1,5518,1.1015058205692598,16.362087324383374,7
866,a3,b2,4194,-0.004281328082250616,25.147354170520465,11
867,a2,b1,5541,0.30346947622551534,21.091633700665625,2
868,a2,b1,3587,-0.26654312547325903,-1.2941682945634234,7
869,a2,b1,956,-0.3399727842763776,-0.5484699788161258,11
870,a3,b1,1040,1.505377772425752,10.361377465091547,10
871,a3,b2,3488,-1.3083080916982557,23.53094813341768,7
872,a1,b2,7530,-0.6997763817814154,31.72200818368865,6
873,a1,b1,86,-1.3788593597474148,24.19438992711586,3
874,a1,b1,501,-1.0531689068348444,8.212065451783863,2
875,a3,b1,227,0.9843524878419458,15.436711065899049,3
876,a1,b2,7360,1.0137984843807053,5.752248512800348,11
877,a1,b1,9126,-0.06075054421477302,13.67098554418206,6
878,a1,b1,1851,-0.577025034408077,36.60127337670433,3
879,a2,b2,7113,-0.17722922561678556,23.093392006785635,11
880,a3,b1,9492,-0.03356894141130863,-3.7218327597688603,4
881,a2,b1,1821,-0.008851133227542059,11.754205986275737,7
882,a1,b2,2935,-0.9043418898440367,-8.075873662056537,7
883,a2,b2,1444,-0.933145672194381,12.743063723961065,5
884,a3,b2,5007,0.7310626308451053,15.025065328382885,3
885,a3,b1,2133,0.533828215594329,24.736838246034715,2
886,a1,b1,7064,-1.9144087225600581,2.3814602995911596,10
887,a2,b1,9049,0.5747858980656331,10.808419296109953,4
888,a1,b1,9322,-0.4732546696860523,13.736069409044273,6
889,a2,b1,8073,0.1283934198206619,24.539824904855603,2
890,a3,b2,2215,-0.33023692011743944,9.56646387610581,10
891,a3,b1,1551,0.9619138531690442,19.640027985899067,6
892,a3,b1,4237,0.15650679094496797,15.617660685379448,1
893,a2,b2,5464,-0.5125690116602403,24.660364303847718,2
894,a3,b2,1335,-0.4338801239423816,8.63746542952985,1
895,a3,b1,7550,0.5246743591702225,21.916864912137243,6
896,a2,b1,3836,-2.130348355183242,15.200822695926242,11
897,a2,b2,5145,-1.0467589070988377,29.88784683590312,9
898,a3,b1,7959,-0.26938907306832816,18.528275513299025,9
899,a1,b1,761,-0.43046226809759497,33.846917402180395,4
900,a2,b2,6757,0.2741464361397073,16.985307223525517,3
901,a2,b2,2027,-1.1267920592201468,14.170035415186065,4
902,a2,b2,6645,0.7976373776179687,22.94512545056416,5
903,a3,b2,9184,-0.08857953178295339,11.862297387039922,1
904,a2,b1,8040,-1.1594793716847636,8.675311492733531,5
905,a3,b2,4811,-0.8954213344154884,13.432830302213224,7
906,a2,b2,7510,-0.17993926146386044,13.272024174720961,10
907,a1,b2,2206,2.160794195360929,19.651269758406173,6
908,a3,b1,4310,0.2513297650902865,8.415372502145791,10
909,a1,b2,8612,1.8080329689246564,24.896811502343837,4
910,a2,b2,3095,-0.2411983823890991,3.4472512225526906,1
911,a2,b2,6577,0.4452468262409443,9.916468724347006,10
912,a3,b1,5976,1.6529678502013971,-1.3140879942180437,11
913,a1,b1,3205,-1.2148247633056335,-3.5215236660124294,8
914,a2,b1,9642,-0.09738306566140616,14.890286880293194,3
915,a1,b1,9324,0.42434011274750555,40.55080365500016,1
916,a2,b1,4596,1.2831493468948239,7.591460058549095,1
917,a1,b1,9014,0.6781047745136047,6.777207102277481,7
918,a3,b1,9489,-1.6304291625719114,27.68331541771127,11
919,a1,b2,2697,0.8662916592781642,27.766404196610672,2
920,a3,b1,2614,0.7909920537572847,30.280314445950395,5
921,a2,b2,5432,0.4866445451687853,15.302792640321869,1
922,a2,b2,7571,1.4235798049410564,19.160801938095652,4
923,a3,b2,2748,-1.0405253502889877,-2.6672142247441695,3
924,a1,b2,9097,0.6273525677665179,12.849784538211667,8
925,a2,b1,4372,0.9834007976348234,3.5802199462582296,1
926,a1,b1,900,-0.4819292796341721,20.64911847555689,1
927,a2,b2,7306,1.3436402833320238,20.44829790397408,7
928,a3,b2,653,0.3849572763287415,9.657018419133555,8
929,a3,b1,7767,-1.730669299013373,13.704442751396513,5
930,a3,b1,2815,-0.29429294556279423,2.140451875727079,3
931,a3,b2,767,0.18007559359159248,20.02822585061378,2
932,a1,b2,3809,0.7535192209877627,14.84648093740358,9
933,a3,b1,9995,-1.3535550018521927,30.004909412850584,11
934,a1,b2,6679,-1.1271784040957655,25.155615989044954,4
935,a3,b1,3184,-0.22509037815862973,28.66053791660117,6
936,a3,b1,1755,-1.306253747163411,-16.495095598828136,3
937,a1,b1,9480,0.5807019918105416,20.093483091170242,6
938,a1,b1,5452,0.029422284480357316,12.322807362836059,9
939,a3,b1,5103,-0.2151519103246523,23.53333699792754,11
940,a3,b2,1928,0.10762120331585717,13.878532240717728,10
941,a3,b1,1945,0.8480570850728868,26.209245553848103,11
942,a2,b1,3067,-0.24968342598936344,0.005313852415358866,4
943,a3,b2,5862,0.7326548839679651,16.11034407428574,8
944,a1,b2,8847,0.9747521740805402,-1.4878942845974716,9
945,a3,b1,8122,-0.7568031967368267,7.2513978674245045,9
946,a1,b1,6609,0.18863447605223888,9.447385043937274,5
947,a1,b1,8821,-0.9394948197561257,10.885429593921575,9
948,a3,b2,2128,-0.07997289546068402,3.4568819715210317,10
949,a2,b2,6307,-1.1406093121607093,9.942518556393045,5
950,a3,b1,1750,0.06458007610388558,15.812346409869825,4
951,a2,b1,7714,-2.1166804382048032,7.783907296921766,7
952,a2,b1,7105,0.3420830995628338,24.36215914256246,6
953,a3,b1,4958,-1.8287288538503321,14.077516304817234,4
954,a2,b1,9617,0.29038657552879443,4.7170124315176505,9
955,a3,b1,4322,1.0063764380254916,15.72617238912417,8
956,a3,b1,1286,0.8634191247012847,23.758265689461577,8
957,a2,b1,8185,0.34889777842118264,17.709152574417462,4
958,a2,b2,9108,-1.7456510179704556,26.69194790400654,6
959,a3,b2,8563,-0.9954623231078247,17.036826990801032,9
960,a2,b1,3920,0.5232070141094338,25.65644109403226,7
961,a1,b1,9148,-0.41134845569826484,12.498033606477037,5
962,a3,b1,3350,-2.4572879339880607,31.798343957221753,10
963,a3,b1,9351,-0.8677376152591283,10.35658721673228,11
964,a3,b1,9028,0.46952571403478716,16.021505500268702,7
965,a1,b1,4465,0.6911146101853246,12.020640841821411,5
966,a1,b1,6946,-0.8662323473155797,32.90666945546391,7
967,a2,b2,9879,-0.36643191527026503,13.57019760019802,1
968,a2,b2,2988,-0.6096416923222888,-12.794587805599543,10
969,a2,b1,8652,-1.8488597502097797,28.903144269836865,9
970,a1,b2,7145,0.12077765902414768,22.601656354035512,7
971,a2,b1,9677,-0.3845670048856548,5.986574576735547,4
972,a1,b2,2477,-0.7315223024050233,22.043819113670473,3
973,a2,b2,5591,0.36267517703556257,26.615177106329423,10
974,a2,b1,715,-0.2650454508701546,12.089423575317305,5
975,a1,b1,1013,0.4367138332955273,0.8171173970354442,3
976,a2,b2,6110,-1.6277663383418728,22.94269034510755,1
977,a3,b1,8180,-1.0482751669404933,12.686817268034229,5
978,a3,b2,3827,0.12309070619781952,25.79115688288426,2
979,a3,b2,589,-0.7063238826438458,22.193513284572095,1
980,a2,b2,168,-0.743917363282635,19.967823348538893,3
981,a3,b2,3597,0.48025919686091506,17.931938358191793,7
982,a2,b2,3842,0.371233988939101,9.789797016324227,3
983,a3,b2,9973,0.9517164956603072,2.5552031233469297,8
984,a3,b1,2426,-0.35492759697250603,15.828260655175328,1
985,a2,b1,6363,1.862314305521183,4.488404908703188,1
986,a3,b2,9733,-0.6694320891280859,8.634528749662469,3
987,a1,b1,4482,-0.19436821173101934,5.355877984320319,8
988,a2,b1,2935,1.350812049124498,10.399234262979888,4
989,a1,b1,1037,-1.638875107377647,23.72204593938104,4
990,a3,b2,4457,-0.9950000846075232,6.313117970361949,9
991,a2,b1,5942,1.8748911808638364,6.690576626316927,9
992,a2,b1,4389,0.2961060985010244,25.779938072070397,10
993,a2,b2,1635,-1.9022498952138016,32.96429873110475,5
994,a2,b1,7237,-0.012152331724947044,22.686833013362573,10
995,a3,b1,462,-1.5259351234420317,8.7033145516193,1
996,a2,b2,7285,-0.7288920730584573,8.264822624116569,7
997,a1,b2,8728,-0.6120091180881896,8.91292723406809,5
998,a2,b2,2143,0.42211027847392896,17.909986929282013,7
999,a2,b1,1301,-0.26790517963330746,9.662072802813732,5
